id,Outage_Risk
0,0.186410
1,0.225293
2,0.209817
3,0.876924
4,0.200346
5,0.181711
6,0.199187
7,0.078569
8,0.363893
9,0.403383
10,0.206780
11,0.359225
12,0.199766
13,0.226420
14,0.123987
15,0.438112
16,0.069478
17,0.209550
18,0.154534
19,0.159275
20,0.292704
21,0.617929
22,0.706662
23,0.415698
24,0.499763
25,0.233220
26,0.228922
27,0.155662
28,0.580395
29,0.204682
30,0.156823
31,0.207301
32,0.225644
33,0.208865
34,0.163783
35,0.283093
36,0.207524
37,0.204066
38,0.225932
39,0.207886
40,0.213577
41,0.234169
42,0.283593
43,0.305858
44,0.154542
45,0.186826
46,0.260945
47,0.206451
48,0.219656
49,0.204627
50,0.200879
51,0.222202
52,0.218819
53,0.202850
54,0.212395
55,0.196181
56,0.258866
57,0.226833
58,0.209003
59,0.205851
60,0.194318
61,0.212370
62,0.152031
63,0.216866
64,0.257159
65,0.196531
66,0.274657
67,0.226234
68,0.210177
69,0.181933
70,0.224048
71,0.214662
72,0.158843
73,0.301803
74,0.175639
75,0.245697
76,0.184509
77,0.208346
78,0.208606
79,0.210253
80,0.196738
81,0.194688
82,0.193852
83,0.212827
84,0.263169
85,0.210286
86,0.211852
87,0.187433
88,0.259903
89,0.181988
90,0.201045
91,0.195181
92,0.240768
93,0.172267
94,0.234289
95,0.196905
96,0.171925
97,0.265408
98,0.237308
99,0.227069
100,0.268697
101,0.186803
102,0.213589
103,0.220857
104,0.193816
105,0.230589
106,0.197661
107,0.206234
108,0.206801
109,0.211595
110,0.171686
111,0.222319
112,0.205353
113,0.230179
114,0.204206
115,0.219281
116,0.234913
117,0.200883
118,0.209045
119,0.214141
120,0.197435
121,0.201835
122,0.206486
123,0.203869
124,0.210768
125,0.185847
126,0.238325
127,0.204319
128,0.246625
129,0.191842
130,0.178129
131,0.297689
132,0.265160
133,0.207196
134,0.213031
135,0.155265
136,0.240648
137,0.224916
138,0.242433
139,0.200750
140,0.240270
141,0.180951
142,0.212688
143,0.202087
144,0.159873
145,0.206948
146,0.231155
147,0.217318
148,0.205916
149,0.206614
150,0.203256
151,0.195652
152,0.202611
153,0.210852
154,0.206815
155,0.200611
156,0.222821
157,0.201436
158,0.190925
159,0.226196
160,0.200631
161,0.202433
162,0.214827
163,0.200556
164,0.207256
165,0.205905
166,0.215597
167,0.208253
168,0.258893
169,0.176999
170,0.208038
171,0.214533
172,0.194570
173,0.169827
174,0.181635
175,0.196891
176,0.230738
177,0.184595
178,0.228159
179,0.197836
180,0.239895
181,0.189848
182,0.205733
183,0.202269
184,0.181854
185,0.210254
186,0.205903
187,0.206159
188,0.218381
189,0.199889
190,0.206055
191,0.203159
192,0.200819
193,0.207268
194,0.191715
195,0.251706
196,0.212159
197,0.222851
198,0.214945
199,0.222598
200,0.287393
201,0.265916
202,0.198151
203,0.234325
204,0.210381
205,0.240710
206,0.223051
207,0.167825
208,0.198815
209,0.230038
210,0.234949
211,0.218355
212,0.229833
213,0.215969
214,0.200609
215,0.217261
216,0.210710
217,0.197281
218,0.215268
219,0.186835
220,0.246933
221,0.210068
222,0.204152
223,0.216025
224,0.201885
225,0.219844
226,0.194689
227,0.214282
228,0.227268
229,0.218436
230,0.203281
231,0.175563
232,0.214779
233,0.199852
234,0.208038
235,0.177944
236,0.234189
237,0.195733
238,0.203801
239,0.190451
240,0.220046
241,0.211051
242,0.171223
243,0.211318
244,0.185356
245,0.232873
246,0.189704
247,0.255506
248,0.189387
249,0.201944
250,0.217253
251,0.205223
252,0.226905
253,0.220571
254,0.203263
255,0.216968
256,0.196831
257,0.199547
258,0.232925
259,0.193476
260,0.219030
261,0.266555
262,0.218202
263,0.194269
264,0.199851
265,0.201696
266,0.202851
267,0.202637
268,0.232903
269,0.225843
270,0.225707
271,0.207916
272,0.243395
273,0.197847
274,0.217313
275,0.199108
276,0.223033
277,0.194654
278,0.204704
279,0.239525
280,0.223849
281,0.226355
282,0.201098
283,0.199632
284,0.227022
285,0.214662
286,0.213074
287,0.214925
288,0.200769
289,0.208022
290,0.195827
291,0.231196
292,0.210319
293,0.201889
294,0.202881
295,0.220282
296,0.207831
297,0.210203
298,0.202299
299,0.180963
300,0.201968
301,0.185806
302,0.225093
303,0.199502
304,0.213022
305,0.203357
306,0.187949
307,0.190911
308,0.249268
309,0.240151
310,0.199316
311,0.228309
312,0.219456
313,0.251637
314,0.217476
315,0.199765
316,0.210852
317,0.199842
318,0.195633
319,0.247704
320,0.244387
321,0.240048
322,0.223688
323,0.205395
324,0.226639
325,0.212308
326,0.215203
327,0.208819
328,0.206849
329,0.209706
330,0.236435
331,0.207357
332,0.203319
333,0.200801
334,0.232159
335,0.186959
336,0.212166
337,0.267900
338,0.212087
339,0.226638
340,0.203897
341,0.230638
342,0.211289
343,0.225532
344,0.214370
345,0.212819
346,0.273030
347,0.227491
348,0.210022
349,0.189687
350,0.233654
351,0.205843
352,0.217313
353,0.215076
354,0.211698
355,0.197862
356,0.193896
357,0.228661
358,0.217087
359,0.203689
360,0.221203
361,0.244821
362,0.214555
363,0.178088
364,0.199747
365,0.206815
366,0.202717
367,0.202019
368,0.204833
369,0.218076
370,0.197733
371,0.227833
372,0.248595
373,0.268129
374,0.190537
375,0.228270
376,0.204970
377,0.202826
378,0.227286
379,0.208649
380,0.214127
381,0.207850
382,0.202632
383,0.200435
384,0.203844
385,0.217532
386,0.188747
387,0.227637
388,0.212626
389,0.201050
390,0.239346
391,0.219151
392,0.210925
393,0.192801
394,0.206387
395,0.213932
396,0.234570
397,0.220108
398,0.180996
399,0.203301
400,0.178970
401,0.203801
402,0.203024
403,0.194433
404,0.234155
405,0.234891
406,0.224706
407,0.241532
408,0.239999
409,0.215934
410,0.200526
411,0.202815
412,0.201827
413,0.190234
414,0.180887
415,0.224270
416,0.210933
417,0.199637
418,0.192882
419,0.212087
420,0.225549
421,0.211649
422,0.218196
423,0.215898
424,0.191883
425,0.221686
426,0.209270
427,0.215387
428,0.216849
429,0.221202
430,0.218896
431,0.247654
432,0.201395
433,0.209820
434,0.227509
435,0.199906
436,0.205686
437,0.212379
438,0.221141
439,0.207891
440,0.225932
441,0.204883
442,0.191733
443,0.222089
444,0.211151
445,0.221356
446,0.211693
447,0.236934
448,0.219889
449,0.192866
450,0.214626
451,0.202696
452,0.197661
453,0.215886
454,0.189895
455,0.212607
456,0.205963
457,0.207202
458,0.197340
459,0.198693
460,0.206393
461,0.233301
462,0.228697
463,0.232405
464,0.201549
465,0.238179
466,0.236030
467,0.200532
468,0.248883
469,0.228297
470,0.189706
471,0.209223
472,0.211969
473,0.213707
474,0.242916
475,0.200813
476,0.197662
477,0.217050
478,0.223949
479,0.199662
480,0.208701
481,0.216738
482,0.209873
483,0.201626
484,0.204848
485,0.216629
486,0.200852
487,0.210357
488,0.240843
489,0.202847
490,0.216898
491,0.222270
492,0.218208
493,0.198821
494,0.227063
495,0.213340
496,0.219653
497,0.192667
498,0.206847
499,0.205833
500,0.264873
501,0.201505
502,0.202341
503,0.254934
504,0.208970
505,0.191883
506,0.266256
507,0.214223
508,0.197631
509,0.206256
510,0.188858
511,0.224970
512,0.216451
513,0.202203
514,0.219816
515,0.205857
516,0.207196
517,0.215369
518,0.197318
519,0.185355
520,0.230654
521,0.187549
522,0.227969
523,0.200923
524,0.220869
525,0.214505
526,0.198607
527,0.212089
528,0.220255
529,0.198456
530,0.240607
531,0.201662
532,0.223577
533,0.206898
534,0.211559
535,0.213852
536,0.262699
537,0.243905
538,0.200525
539,0.227850
540,0.185652
541,0.241848
542,0.203263
543,0.225894
544,0.209813
545,0.207598
546,0.209707
547,0.227050
548,0.239486
549,0.204265
550,0.229525
551,0.199934
552,0.202819
553,0.225537
554,0.210263
555,0.207481
556,0.226476
557,0.212568
558,0.201699
559,0.240852
560,0.196962
561,0.194832
562,0.232525
563,0.206502
564,0.232637
565,0.208506
566,0.199604
567,0.230633
568,0.215869
569,0.207936
570,0.206689
571,0.198892
572,0.210267
573,0.212149
574,0.202309
575,0.191356
576,0.213166
577,0.210346
578,0.227625
579,0.199948
580,0.218906
581,0.203882
582,0.214644
583,0.210697
584,0.198547
585,0.235559
586,0.199471
587,0.213849
588,0.206933
589,0.186486
590,0.203348
591,0.228649
592,0.211393
593,0.192865
594,0.212069
595,0.230156
596,0.210166
597,0.219825
598,0.211568
599,0.197687
600,0.235862
601,0.214372
602,0.201801
603,0.201816
604,0.249687
605,0.197333
606,0.201923
607,0.196357
608,0.235970
609,0.202900
610,0.209881
611,0.202944
612,0.201960
613,0.193755
614,0.227621
615,0.206815
616,0.208169
617,0.205763
618,0.226395
619,0.211024
620,0.191726
621,0.234607
622,0.209211
623,0.211074
624,0.201024
625,0.200395
626,0.207099
627,0.202024
628,0.202821
629,0.218319
630,0.192809
631,0.210815
632,0.217549
633,0.211838
634,0.218491
635,0.237289
636,0.237944
637,0.201571
638,0.235030
639,0.208854
640,0.217509
641,0.213203
642,0.204898
643,0.183886
644,0.205405
645,0.232705
646,0.235267
647,0.210835
648,0.207801
649,0.202944
650,0.230827
651,0.216319
652,0.196730
653,0.218948
654,0.208270
655,0.196697
656,0.208025
657,0.195761
658,0.206886
659,0.203848
660,0.211755
661,0.218934
662,0.226381
663,0.223568
664,0.250638
665,0.183609
666,0.229949
667,0.204892
668,0.215156
669,0.190869
670,0.206755
671,0.211068
672,0.217197
673,0.194900
674,0.246359
675,0.208905
676,0.227903
677,0.178891
678,0.226571
679,0.219652
680,0.203841
681,0.199689
682,0.225936
683,0.207868
684,0.207882
685,0.200872
686,0.200381
687,0.215270
688,0.244261
689,0.237693
690,0.206710
691,0.213996
692,0.209556
693,0.202891
694,0.195570
695,0.211738
696,0.221281
697,0.211653
698,0.213595
699,0.216255
700,0.221838
701,0.194825
702,0.205435
703,0.199265
704,0.239024
705,0.207154
706,0.211597
707,0.191809
708,0.216868
709,0.207408
710,0.223937
711,0.241395
712,0.209852
713,0.217356
714,0.240895
715,0.227433
716,0.211169
717,0.228696
718,0.209433
719,0.182003
720,0.247851
721,0.235638
722,0.230835
723,0.195903
724,0.225959
725,0.219556
726,0.220648
727,0.208629
728,0.231129
729,0.209606
730,0.232876
731,0.211893
732,0.202936
733,0.201476
734,0.205722
735,0.218906
736,0.233696
737,0.204779
738,0.208223
739,0.201733
740,0.238355
741,0.232048
742,0.233491
743,0.218129
744,0.198916
745,0.221154
746,0.197904
747,0.234570
748,0.201813
749,0.207850
750,0.213318
751,0.206618
752,0.217476
753,0.224065
754,0.187851
755,0.248019
756,0.188633
757,0.212160
758,0.186739
759,0.210717
760,0.200381
761,0.228607
762,0.209308
763,0.241667
764,0.225696
765,0.204949
766,0.174854
767,0.233357
768,0.204393
769,0.204476
770,0.221843
771,0.235862
772,0.216491
773,0.212019
774,0.201933
775,0.248697
776,0.209261
777,0.223944
778,0.240234
779,0.227696
780,0.195903
781,0.251607
782,0.220704
783,0.207710
784,0.234900
785,0.207369
786,0.244868
787,0.225755
788,0.205570
789,0.213849
790,0.202348
791,0.188765
792,0.202654
793,0.213127
794,0.210638
795,0.215372
796,0.216159
797,0.231857
798,0.220707
799,0.215087
800,0.234891
801,0.237948
802,0.212739
803,0.191806
804,0.215318
805,0.201944
806,0.230597
807,0.197763
808,0.233033
809,0.234211
810,0.211748
811,0.205563
812,0.177646
813,0.231838
814,0.210055
815,0.206868
816,0.185881
817,0.197738
818,0.192509
819,0.206268
820,0.224653
821,0.221088
822,0.227609
823,0.219206
824,0.227262
825,0.205181
826,0.205063
827,0.227852
828,0.208393
829,0.198826
830,0.192524
831,0.214697
832,0.201606
833,0.217486
834,0.194948
835,0.192885
836,0.194631
837,0.208353
838,0.204748
839,0.226030
840,0.222353
841,0.200809
842,0.212348
843,0.210687
844,0.215768
845,0.219251
846,0.227308
847,0.192313
848,0.226821
849,0.202869
850,0.203769
851,0.222155
852,0.210555
853,0.196825
854,0.213621
855,0.213556
856,0.209223
857,0.230876
858,0.217882
859,0.245289
860,0.196702
861,0.201652
862,0.200874
863,0.225896
864,0.223076
865,0.226485
866,0.219815
867,0.246631
868,0.179975
869,0.226559
870,0.209847
871,0.217649
872,0.242524
873,0.199851
874,0.238700
875,0.235707
876,0.210181
877,0.241769
878,0.211814
879,0.233889
880,0.197256
881,0.225704
882,0.202821
883,0.208381
884,0.236261
885,0.200930
886,0.230208
887,0.228820
888,0.202699
889,0.214852
890,0.201629
891,0.182699
892,0.232686
893,0.207050
894,0.210937
895,0.230370
896,0.195814
897,0.219476
898,0.215263
899,0.209949
900,0.231661
901,0.208256
902,0.173605
903,0.211894
904,0.207556
905,0.235944
906,0.221281
907,0.206389
908,0.236525
909,0.192820
910,0.202181
911,0.224389
912,0.195763
913,0.175589
914,0.253688
915,0.209844
916,0.185969
917,0.200653
918,0.256844
919,0.237825
920,0.225667
921,0.221925
922,0.219633
923,0.208262
924,0.208831
925,0.201405
926,0.212649
927,0.199922
928,0.230341
929,0.238850
930,0.214849
931,0.214739
932,0.214889
933,0.210693
934,0.214389
935,0.190873
936,0.213597
937,0.173649
938,0.231900
939,0.188903
940,0.236033
941,0.226882
942,0.218858
943,0.206159
944,0.219355
945,0.207318
946,0.218701
947,0.240262
948,0.198763
949,0.202353
950,0.235486
951,0.246048
952,0.235236
953,0.198876
954,0.230521
955,0.188827
956,0.201389
957,0.186656
958,0.216768
959,0.227160
960,0.193626
961,0.215265
962,0.210639
963,0.189149
964,0.238629
965,0.213055
966,0.197825
967,0.199639
968,0.210648
969,0.205916
970,0.219393
971,0.214893
972,0.227621
973,0.214844
974,0.233652
975,0.236999
976,0.214699
977,0.227653
978,0.200707
979,0.229857
980,0.218697
981,0.220031
982,0.223524
983,0.230913
984,0.193765
985,0.175819
986,0.195963
987,0.195932
988,0.177456
989,0.206509
990,0.194934
991,0.237141
992,0.202833
993,0.193908
994,0.225269
995,0.216486
996,0.202831
997,0.216697
998,0.192896
999,0.215276
1000,0.241254
1001,0.202299
1002,0.206256
1003,0.206127
1004,0.216881
1005,0.201435
1006,0.224030
1007,0.202631
1008,0.213827
1009,0.199761
1010,0.206372
1011,0.225886
1012,0.195686
1013,0.228063
1014,0.212905
1015,0.198149
1016,0.192839
1017,0.218968
1018,0.220370
1019,0.201936
1020,0.215269
1021,0.202779
1022,0.221208
1023,0.207154
1024,0.213699
1025,0.206825
1026,0.225850
1027,0.239894
1028,0.209319
1029,0.203768
1030,0.199269
1031,0.223256
1032,0.231869
1033,0.207832
1034,0.189754
1035,0.194521
1036,0.233202
1037,0.222506
1038,0.204763
1039,0.239606
1040,0.217706
1041,0.210635
1042,0.221405
1043,0.203885
1044,0.233393
1045,0.221261
1046,0.203702
1047,0.218996
1048,0.215976
1049,0.200369
1050,0.224688
1051,0.185923
1052,0.208346
1053,0.206151
1054,0.212068
1055,0.212656
1056,0.203826
1057,0.218151
1058,0.202857
1059,0.200850
1060,0.225633
1061,0.201505
1062,0.208408
1063,0.202203
1064,0.213827
1065,0.237903
1066,0.205662
1067,0.204693
1068,0.228701
1069,0.197842
1070,0.197656
1071,0.207099
1072,0.215768
1073,0.208388
1074,0.223030
1075,0.235253
1076,0.206649
1077,0.225638
1078,0.207693
1079,0.221707
1080,0.220934
1081,0.206755
1082,0.210033
1083,0.203706
1084,0.221889
1085,0.218701
1086,0.215895
1087,0.196892
1088,0.203319
1089,0.192651
1090,0.201625
1091,0.226969
1092,0.206906
1093,0.210848
1094,0.202626
1095,0.194597
1096,0.240701
1097,0.222935
1098,0.206945
1099,0.235872
1100,0.239819
1101,0.224903
1102,0.210208
1103,0.185893
1104,0.195901
1105,0.190937
1106,0.190919
1107,0.206621
1108,0.219896
1109,0.221003
1110,0.193485
1111,0.184935
1112,0.200886
1113,0.224710
1114,0.245399
1115,0.225532
1116,0.211253
1117,0.222200
1118,0.216313
1119,0.239831
1120,0.212099
1121,0.207752
1122,0.199555
1123,0.210159
1124,0.234098
1125,0.216905
1126,0.235408
1127,0.220197
1128,0.232769
1129,0.225945
1130,0.239897
1131,0.200896
1132,0.217705
1133,0.215662
1134,0.202267
1135,0.223661
1136,0.232935
1137,0.243008
1138,0.222710
1139,0.209549
1140,0.208699
1141,0.225695
1142,0.201889
1143,0.199878
1144,0.195931
1145,0.200901
1146,0.247916
1147,0.211699
1148,0.206704
1149,0.222835
1150,0.228308
1151,0.195654
1152,0.221486
1153,0.238596
1154,0.242485
1155,0.202356
1156,0.230803
1157,0.244903
1158,0.222697
1159,0.240819
1160,0.217801
1161,0.228319
1162,0.212256
1163,0.201589
1164,0.200862
1165,0.195703
1166,0.236649
1167,0.207256
1168,0.236202
1169,0.205631
1170,0.218900
1171,0.239197
1172,0.213506
1173,0.240816
1174,0.200639
1175,0.208906
1176,0.245025
1177,0.217265
1178,0.237913
1179,0.213929
1180,0.206693
1181,0.226372
1182,0.186913
1183,0.210051
1184,0.219689
1185,0.202803
1186,0.227476
1187,0.227206
1188,0.218387
1189,0.230370
1190,0.229637
1191,0.215948
1192,0.215913
1193,0.217926
1194,0.216269
1195,0.212652
1196,0.216451
1197,0.210283
1198,0.234606
1199,0.227202
1200,0.237755
1201,0.200768
1202,0.222906
1203,0.198859
1204,0.246486
1205,0.227925
1206,0.234046
1207,0.224389
1208,0.200649
1209,0.232653
1210,0.237693
1211,0.208896
1212,0.198654
1213,0.232706
1214,0.223556
1215,0.221948
1216,0.207934
1217,0.239316
1218,0.210768
1219,0.209707
1220,0.236030
1221,0.245283
1222,0.222848
1223,0.233537
1224,0.235197
1225,0.218801
1226,0.228347
1227,0.230996
1228,0.231831
1229,0.222597
1230,0.234069
1231,0.234048
1232,0.215903
1233,0.212025
1234,0.200733
1235,0.218633
1236,0.216152
1237,0.223394
1238,0.230883
1239,0.204570
1240,0.232854
1241,0.221048
1242,0.224725
1243,0.238625
1244,0.217832
1245,0.242234
1246,0.224949
1247,0.239831
1248,0.197555
1249,0.218969
1250,0.236606
1251,0.223197
1252,0.249895
1253,0.229555
1254,0.204835
1255,0.215635
1256,0.227873
1257,0.227537
1258,0.241699
1259,0.236825
1260,0.224531
1261,0.223826
1262,0.239893
1263,0.208813
1264,0.227301
1265,0.219048
1266,0.200625
1267,0.226769
1268,0.227549
1269,0.208968
1270,0.219881
1271,0.197555
1272,0.228018
1273,0.225842
1274,0.232996
1275,0.232693
1276,0.213627
1277,0.196819
1278,0.207695
1279,0.232849
1280,0.234968
1281,0.234254
1282,0.208549
1283,0.201968
1284,0.236325
1285,0.227611
1286,0.239633
1287,0.209325
1288,0.237049
1289,0.225779
1290,0.221202
1291,0.220524
1292,0.222030
1293,0.220996
1294,0.219929
1295,0.222003
1296,0.238934
1297,0.222605
1298,0.217648
1299,0.203895
1300,0.246595
1301,0.215149
1302,0.213738
1303,0.217355
1304,0.234825
1305,0.220127
1306,0.216851
1307,0.211988
1308,0.227633
1309,0.206873
1310,0.211050
1311,0.201863
1312,0.227160
1313,0.218625
1314,0.250213
1315,0.229755
1316,0.237632
1317,0.245213
1318,0.229854
1319,0.219935
1320,0.221906
1321,0.235707
1322,0.207152
1323,0.216299
1324,0.237881
1325,0.230903
1326,0.224702
1327,0.239874
1328,0.206695
1329,0.229887
1330,0.225806
1331,0.203906
1332,0.210733
1333,0.228866
1334,0.225897
1335,0.204975
1336,0.196863
1337,0.245166
1338,0.223892
1339,0.231857
1340,0.223903
1341,0.231486
1342,0.236854
1343,0.218262
1344,0.213755
1345,0.226898
1346,0.228944
1347,0.226234
1348,0.220341
1349,0.201874
1350,0.226797
1351,0.239635
1352,0.216707
1353,0.229854
1354,0.237169
1355,0.223509
1356,0.223949
1357,0.219968
1358,0.246156
1359,0.214255
1360,0.207159
1361,0.227325
1362,0.229844
1363,0.221340
1364,0.224841
1365,0.234241
1366,0.236389
1367,0.216879
1368,0.224308
1369,0.246241
1370,0.239369
1371,0.208706
1372,0.203370
1373,0.234635
1374,0.222068
1375,0.251370
1376,0.224922
1377,0.230700
1378,0.212755
1379,0.220816
1380,0.232213
1381,0.247843
1382,0.219721
1383,0.228485
1384,0.221637
1385,0.234395
1386,0.202851
1387,0.228379
1388,0.228703
1389,0.215698
1390,0.218916
1391,0.230881
1392,0.237849
1393,0.209959
1394,0.228505
1395,0.208181
1396,0.230844
1397,0.207849
1398,0.214996
1399,0.210766
1400,0.227847
1401,0.236813
1402,0.225262
1403,0.240169
1404,0.211916
1405,0.233686
1406,0.212883
1407,0.202568
1408,0.243213
1409,0.242944
1410,0.237898
1411,0.225925
1412,0.226893
1413,0.225730
1414,0.224831
1415,0.218887
1416,0.244844
1417,0.241816
1418,0.217261
1419,0.209559
1420,0.234700
1421,0.228098
1422,0.221152
1423,0.228869
1424,0.241868
1425,0.227301
1426,0.249549
1427,0.213872
1428,0.228893
1429,0.243045
1430,0.225849
1431,0.237948
1432,0.226821
1433,0.235936
1434,0.239874
1435,0.245200
1436,0.230926
1437,0.228626
1438,0.213879
1439,0.237988
1440,0.224524
1441,0.223481
1442,0.220066
1443,0.223649
1444,0.223913
1445,0.234389
1446,0.225046
1447,0.222725
1448,0.227405
1449,0.243872
1450,0.201841
1451,0.230627
1452,0.206908
1453,0.217025
1454,0.210667
1455,0.228976
1456,0.229621
1457,0.227889
1458,0.221206
1459,0.229530
1460,0.227935
1461,0.246405
1462,0.231820
1463,0.239373
1464,0.225309
1465,0.224808
1466,0.233607
1467,0.232944
1468,0.226340
1469,0.212309
1470,0.217129
1471,0.243203
1472,0.238906
1473,0.214765
1474,0.235699
1475,0.231555
1476,0.243169
1477,0.224769
1478,0.216256
1479,0.217896
1480,0.215933
1481,0.232152
1482,0.225099
1483,0.222689
1484,0.208701
1485,0.234262
1486,0.228435
1487,0.223181
1488,0.232348
1489,0.230850
1490,0.237046
1491,0.237838
1492,0.227299
1493,0.237268
1494,0.235687
1495,0.237046
1496,0.229857
1497,0.227707
1498,0.235341
1499,0.231999
1500,0.228638
1501,0.237858
1502,0.225267
1503,0.240269
1504,0.230369
1505,0.226923
1506,0.238609
1507,0.231571
1508,0.231873
1509,0.235886
1510,0.232696
1511,0.240876
1512,0.226959
1513,0.228699
1514,0.228948
1515,0.237046
1516,0.238689
1517,0.230901
1518,0.237988
1519,0.231999
1520,0.225537
1521,0.241873
1522,0.227050
1523,0.237350
1524,0.235888
1525,0.238609
1526,0.228638
1527,0.233688
1528,0.226923
1529,0.234267
1530,0.235341
1531,0.232706
1532,0.237858
1533,0.229850
1534,0.224808
1535,0.226340
1536,0.240269
1537,0.224769
1538,0.232348
1539,0.225309
1540,0.240876
1541,0.231999
1542,0.232699
1543,0.221999
1544,0.237046
1545,0.220369
1546,0.237888
1547,0.225537
1548,0.230639
1549,0.237046
1550,0.236685
1551,0.232696
1552,0.231571
1553,0.236923
1554,0.228638
1555,0.234267
1556,0.231873
1557,0.237858
1558,0.225537
1559,0.231999
1560,0.224808
1561,0.231571
1562,0.232706
1563,0.237046
1564,0.238609
1565,0.240876
1566,0.237988
1567,0.232699
1568,0.240269
1569,0.228948
1570,0.232348
1571,0.234267
1572,0.226923
1573,0.237350
1574,0.226959
1575,0.235341
1576,0.232706
1577,0.220369
1578,0.236685
1579,0.238689
1580,0.221999
1581,0.237888
1582,0.229850
1583,0.221208
1584,0.224524
1585,0.225046
1586,0.220066
1587,0.234389
1588,0.223913
1589,0.226821
1590,0.224831
1591,0.238625
1592,0.217832
1593,0.234700
1594,0.227301
1595,0.243872
1596,0.227405
1597,0.241868
1598,0.228869
1599,0.237948
1600,0.245200
1601,0.235936
1602,0.243045
1603,0.243213
1604,0.237898
1605,0.224922
1606,0.224841
1607,0.229854
1608,0.237169
1609,0.216707
1610,0.229854
1611,0.216879
1612,0.224308
1613,0.246241
1614,0.239369
1615,0.208706
1616,0.203370
1617,0.234635
1618,0.222068
1619,0.251370
1620,0.212755
1621,0.220816
1622,0.232213
1623,0.247843
1624,0.219721
1625,0.228485
1626,0.221637
1627,0.234395
1628,0.202851
1629,0.228379
1630,0.228703
1631,0.215698
1632,0.218916
1633,0.230881
1634,0.237849
1635,0.209959
1636,0.228505
1637,0.208181
1638,0.230844
1639,0.207849
1640,0.214996
1641,0.210766
1642,0.227847
1643,0.236813
1644,0.225262
1645,0.240169
1646,0.211916
1647,0.233686
1648,0.212883
1649,0.202568
1650,0.237046
1651,0.227298
1652,0.236325
1653,0.221988
1654,0.229755
1655,0.245213
1656,0.237632
1657,0.250213
1658,0.218625
1659,0.227160
1660,0.201863
1661,0.211050
1662,0.206873
1663,0.227633
1664,0.211988
1665,0.216851
1666,0.220127
1667,0.234825
1668,0.217355
1669,0.213738
1670,0.215149
1671,0.246595
1672,0.203895
1673,0.217648
1674,0.222605
1675,0.238934
1676,0.222003
1677,0.219929
1678,0.220996
1679,0.222030
1680,0.220524
1681,0.221202
1682,0.225779
1683,0.237049
1684,0.209325
1685,0.239633
1686,0.227611
1687,0.236325
1688,0.201968
1689,0.208549
1690,0.234254
1691,0.234968
1692,0.232849
1693,0.207695
1694,0.196819
1695,0.213627
1696,0.232693
1697,0.232996
1698,0.225842
1699,0.228018
1700,0.197555
1701,0.219881
1702,0.208968
1703,0.227549
1704,0.226769
1705,0.200625
1706,0.219048
1707,0.227301
1708,0.208813
1709,0.239893
1710,0.223826
1711,0.224531
1712,0.236825
1713,0.241699
1714,0.227537
1715,0.227873
1716,0.215635
1717,0.204835
1718,0.229555
1719,0.249895
1720,0.223197
1721,0.236606
1722,0.218969
1723,0.197555
1724,0.239831
1725,0.224949
1726,0.242234
1727,0.217832
1728,0.243625
1729,0.238625
1730,0.224725
1731,0.221048
1732,0.232854
1733,0.204570
1734,0.230883
1735,0.223394
1736,0.216152
1737,0.218633
1738,0.200733
1739,0.212025
1740,0.215903
1741,0.234048
1742,0.234069
1743,0.222597
1744,0.231831
1745,0.230996
1746,0.228347
1747,0.218801
1748,0.235197
1749,0.233537
1750,0.222848
1751,0.245283
1752,0.236030
1753,0.209707
1754,0.210768
1755,0.239316
1756,0.207934
1757,0.221948
1758,0.223556
1759,0.232706
1760,0.198654
1761,0.208896
1762,0.237693
1763,0.232653
1764,0.200649
1765,0.224389
1766,0.234046
1767,0.227925
1768,0.246486
1769,0.198859
1770,0.222906
1771,0.200768
1772,0.237755
1773,0.227202
1774,0.234606
1775,0.210283
1776,0.216451
1777,0.212652
1778,0.216269
1779,0.217926
1780,0.215913
1781,0.215948
1782,0.229637
1783,0.230370
1784,0.218387
1785,0.227206
1786,0.227476
1787,0.202803
1788,0.219689
1789,0.210051
1790,0.186913
1791,0.226372
1792,0.206693
1793,0.213929
1794,0.237913
1795,0.217265
1796,0.245025
1797,0.208906
1798,0.200639
1799,0.240816
1800,0.213506
1801,0.239197
1802,0.218900
1803,0.205631
1804,0.236202
1805,0.207256
1806,0.236649
1807,0.195703
1808,0.200862
1809,0.201589
1810,0.212256
1811,0.228319
1812,0.217801
1813,0.240819
1814,0.222697
1815,0.244903
1816,0.230803
1817,0.202356
1818,0.242485
1819,0.238596
1820,0.221486
1821,0.195654
1822,0.228308
1823,0.222835
1824,0.206704
1825,0.211699
1826,0.247916
1827,0.200901
1828,0.195931
1829,0.199878
1830,0.201889
1831,0.225695
1832,0.208699
1833,0.225695
1834,0.222710
1835,0.243008
1836,0.232935
1837,0.223661
1838,0.202267
1839,0.215662
1840,0.217705
1841,0.200896
1842,0.239897
1843,0.225945
1844,0.232769
1845,0.220197
1846,0.235408
1847,0.216905
1848,0.234098
1849,0.210159
1850,0.199555
1851,0.207752
1852,0.212099
1853,0.239831
1854,0.216313
1855,0.222200
1856,0.211253
1857,0.225532
1858,0.245399
1859,0.224710
1860,0.200886
1861,0.184935
1862,0.193485
1863,0.221003
1864,0.219896
1865,0.206621
1866,0.190919
1867,0.190937
1868,0.195901
1869,0.185893
1870,0.210208
1871,0.224903
1872,0.239819
1873,0.239872
1874,0.206945
1875,0.222935
1876,0.240701
1877,0.194597
1878,0.202626
1879,0.210848
1880,0.206906
1881,0.226969
1882,0.201625
1883,0.192651
1884,0.203319
1885,0.196892
1886,0.215895
1887,0.218701
1888,0.221889
1889,0.203706
1890,0.210033
1891,0.206755
1892,0.220934
1893,0.221707
1894,0.207693
1895,0.225638
1896,0.206649
1897,0.235253
1898,0.223030
1899,0.208388
1900,0.215768
1901,0.207099
1902,0.197656
1903,0.197842
1904,0.228701
1905,0.204693
1906,0.205662
1907,0.237903
1908,0.213827
1909,0.202203
1910,0.208408
1911,0.201505
1912,0.225633
1913,0.200850
1914,0.202857
1915,0.218151
1916,0.203826
1917,0.212656
1918,0.212068
1919,0.206151
1920,0.208346
1921,0.185923
1922,0.224688
1923,0.200369
1924,0.215976
1925,0.218996
1926,0.203702
1927,0.221261
1928,0.233393
1929,0.203885
1930,0.221405
1931,0.210635
1932,0.217706
1933,0.239606
1934,0.204763
1935,0.222506
1936,0.233202
1937,0.194521
1938,0.189754
1939,0.207832
1940,0.231869
1941,0.223256
1942,0.199269
1943,0.203768
1944,0.209319
1945,0.239894
1946,0.225850
1947,0.206825
1948,0.213699
1949,0.207154
1950,0.221208
1951,0.202779
1952,0.215269
1953,0.201936
1954,0.220370
1955,0.218968
1956,0.192839
1957,0.198149
1958,0.212905
1959,0.228063
1960,0.195686
1961,0.225886
1962,0.206372
1963,0.199761
1964,0.213827
1965,0.202631
1966,0.224030
1967,0.201435
1968,0.216881
1969,0.206127
1970,0.206256
1971,0.202299
1972,0.241254
1973,0.215276
1974,0.192896
1975,0.216697
1976,0.202831
1977,0.216486
1978,0.225269
1979,0.193908
1980,0.202833
1981,0.237141
1982,0.194934
1983,0.206509
1984,0.177456
1985,0.195932
1986,0.195963
1987,0.175819
1988,0.193765
1989,0.230913
1990,0.223524
1991,0.220031
1992,0.218697
1993,0.229857
1994,0.200707
1995,0.227653
1996,0.214699
1997,0.236999
1998,0.233652
1999,0.214844
2000,0.227621
2001,0.214893
2002,0.219393
2003,0.205916
2004,0.210648
2005,0.199639
2006,0.197825
2007,0.213055
2008,0.238629
2009,0.189149
2010,0.210639
2011,0.215265
2012,0.193626
2013,0.227160
2014,0.216768
2015,0.186656
2016,0.201389
2017,0.188827
2018,0.230521
2019,0.198876
2020,0.235236
2021,0.246048
2022,0.235486
2023,0.202353
2024,0.198763
2025,0.240262
2026,0.218701
2027,0.207318
2028,0.219355
2029,0.206159
2030,0.218858
2031,0.226882
2032,0.236033
2033,0.188903
2034,0.231900
2035,0.173649
2036,0.213597
2037,0.190873
2038,0.214389
2039,0.210693
2040,0.214889
2041,0.214739
2042,0.214849
2043,0.230341
2044,0.238850
2045,0.199922
2046,0.212649
2047,0.201405
2048,0.208831
2049,0.208262
2050,0.219633
2051,0.221925
2052,0.225667
2053,0.237825
2054,0.256844
2055,0.200653
2056,0.185969
2057,0.209844
2058,0.253688
2059,0.175589
2060,0.195763
2061,0.224389
2062,0.202181
2063,0.210937
2064,0.207050
2065,0.232686
2066,0.182699
2067,0.201629
2068,0.214852
2069,0.202699
2070,0.228820
2071,0.230208
2072,0.200930
2073,0.236261
2074,0.208381
2075,0.202821
2076,0.225704
2077,0.197256
2078,0.233889
2079,0.211814
2080,0.241769
2081,0.210181
2082,0.235707
2083,0.238700
2084,0.199851
2085,0.242524
2086,0.217649
2087,0.209847
2088,0.226559
2089,0.179975
2090,0.246631
2091,0.219815
2092,0.226485
2093,0.223076
2094,0.225896
2095,0.200874
2096,0.201652
2097,0.196702
2098,0.245289
2099,0.217882
2100,0.230876
2101,0.209223
2102,0.213556
2103,0.213621
2104,0.196825
2105,0.210555
2106,0.222155
2107,0.203769
2108,0.202869
2109,0.226821
2110,0.192313
2111,0.227308
2112,0.219251
2113,0.215768
2114,0.210687
2115,0.212348
2116,0.200809
2117,0.222353
2118,0.226030
2119,0.204748
2120,0.208353
2121,0.194631
2122,0.192885
2123,0.194948
2124,0.217486
2125,0.201606
2126,0.214697
2127,0.192524
2128,0.198826
2129,0.208393
2130,0.227852
2131,0.205063
2132,0.205181
2133,0.227262
2134,0.219206
2135,0.227609
2136,0.221088
2137,0.224653
2138,0.206268
2139,0.192509
2140,0.197738
2141,0.185881
2142,0.206868
2143,0.210055
2144,0.231838
2145,0.177646
2146,0.205563
2147,0.211748
2148,0.234211
2149,0.233033
2150,0.197763
2151,0.230597
2152,0.201944
2153,0.215318
2154,0.191806
2155,0.212739
2156,0.237948
2157,0.234891
2158,0.215087
2159,0.220707
2160,0.231857
2161,0.216159
2162,0.215372
2163,0.210638
2164,0.213127
2165,0.202654
2166,0.188765
2167,0.202348
2168,0.213849
2169,0.205570
2170,0.225755
2171,0.244868
2172,0.207369
2173,0.234900
2174,0.207710
2175,0.220704
2176,0.251607
2177,0.195903
2178,0.227696
2179,0.240234
2180,0.223944
2181,0.209261
2182,0.209261
2183,0.248697
2184,0.201933
2185,0.212019
2186,0.216491
2187,0.235862
2188,0.221843
2189,0.204476
2190,0.204393
2191,0.233357
2192,0.174854
2193,0.204949
2194,0.225696
2195,0.241667
2196,0.209308
2197,0.228607
2198,0.200381
2199,0.210717
2200,0.186739
2201,0.212160
2202,0.248019
2203,0.187851
2204,0.224065
2205,0.217476
2206,0.206618
2207,0.213318
2208,0.207850
2209,0.201813
2210,0.234570
2211,0.197904
2212,0.221154
2213,0.198916
2214,0.218129
2215,0.233491
2216,0.232048
2217,0.238355
2218,0.201733
2219,0.208223
2220,0.204779
2221,0.233696
2222,0.218906
2223,0.205722
2224,0.201476
2225,0.202936
2226,0.211893
2227,0.232876
2228,0.209606
2229,0.231129
2230,0.208629
2231,0.220648
2232,0.219556
2233,0.225959
2234,0.195903
2235,0.230835
2236,0.235638
2237,0.247851
2238,0.182003
2239,0.209433
2240,0.228696
2241,0.211169
2242,0.227433
2243,0.240895
2244,0.217356
2245,0.209852
2246,0.241395
2247,0.223937
2248,0.207408
2249,0.216868
2250,0.191809
2251,0.211597
2252,0.207154
2253,0.239024
2254,0.199265
2255,0.205435
2256,0.194825
2257,0.221838
2258,0.216255
2259,0.213595
2260,0.211653
2261,0.221281
2262,0.211738
2263,0.195570
2264,0.202891
2265,0.209556
2266,0.213996
2267,0.206710
2268,0.237693
2269,0.244261
2270,0.200381
2271,0.207882
2272,0.207868
2273,0.225936
2274,0.199689
2275,0.203841
2276,0.219652
2277,0.226571
2278,0.178891
2279,0.227903
2280,0.208905
2281,0.246359
2282,0.194900
2283,0.217197
2284,0.211068
2285,0.206755
2286,0.190869
2287,0.215156
2288,0.204892
2289,0.229949
2290,0.183609
2291,0.250638
2292,0.223568
2293,0.226381
2294,0.218934
2295,0.211755
2296,0.203848
2297,0.206886
2298,0.195761
2299,0.208025
2300,0.196697
2301,0.208270
2302,0.218948
2303,0.196730
2304,0.219319
2305,0.232827
2306,0.230827
2307,0.202944
2308,0.207801
2309,0.210835
2310,0.235267
2311,0.232705
2312,0.205405
2313,0.183886
2314,0.204898
2315,0.213203
2316,0.217509
2317,0.208854
2318,0.235030
2319,0.201571
2320,0.237944
2321,0.237289
2322,0.218491
2323,0.211838
2324,0.217549
2325,0.210815
2326,0.192809
2327,0.218319
2328,0.202821
2329,0.202024
2330,0.207099
2331,0.200395
2332,0.201024
2333,0.211074
2334,0.209211
2335,0.234607
2336,0.191726
2337,0.211024
2338,0.226395
2339,0.205763
2340,0.208169
2341,0.206815
2342,0.227621
2343,0.193755
2344,0.201960
2345,0.202944
2346,0.209881
2347,0.202900
2348,0.235970
2349,0.196357
2350,0.201923
2351,0.197333
2352,0.249687
2353,0.201816
2354,0.201801
2355,0.214372
2356,0.235862
2357,0.197687
2358,0.211568
2359,0.219825
2360,0.210166
2361,0.230156
2362,0.212069
2363,0.192865
2364,0.211393
2365,0.228649
2366,0.203348
2367,0.186486
2368,0.206933
2369,0.213849
2370,0.199471
2371,0.235559
2372,0.198547
2373,0.210697
2374,0.214644
2375,0.203882
2376,0.218906
2377,0.199948
2378,0.227625
2379,0.210346
2380,0.213166
2381,0.191356
2382,0.202309
2383,0.212149
2384,0.210267
2385,0.198892
2386,0.206689
2387,0.207936
2388,0.215869
2389,0.230633
2390,0.199604
2391,0.208506
2392,0.232637
2393,0.206502
2394,0.232525
2395,0.194832
2396,0.196962
2397,0.240852
2398,0.201699
2399,0.212568
2400,0.226476
2401,0.207481
2402,0.210263
2403,0.225537
2404,0.202819
2405,0.199934
2406,0.229525
2407,0.204265
2408,0.239486
2409,0.227050
2410,0.209707
2411,0.207598
2412,0.209813
2413,0.225894
2414,0.203263
2415,0.241848
2416,0.185652
2417,0.227850
2418,0.200525
2419,0.243905
2420,0.262699
2421,0.213852
2422,0.211559
2423,0.206898
2424,0.223577
2425,0.201662
2426,0.240607
2427,0.198456
2428,0.220255
2429,0.212089
2430,0.198607
2431,0.214505
2432,0.220869
2433,0.200923
2434,0.227969
2435,0.187549
2436,0.230654
2437,0.185355
2438,0.197318
2439,0.215369
2440,0.207196
2441,0.205857
2442,0.219816
2443,0.202203
2444,0.216451
2445,0.224970
2446,0.188858
2447,0.206256
2448,0.197631
2449,0.214223
2450,0.266256
2451,0.191883
2452,0.208970
2453,0.254934
2454,0.202341
2455,0.201505
2456,0.264873
2457,0.205833
2458,0.206847
2459,0.192667
2460,0.219653
2461,0.213340
2462,0.227063
2463,0.198821
2464,0.218208
2465,0.222270
2466,0.216898
2467,0.202847
2468,0.240843
2469,0.210357
2470,0.194833
2471,0.218931
2472,0.391532
2473,0.209395
2474,0.263824
2475,0.183039
2476,0.209203
2477,0.273586
2478,0.196963
2479,0.271376
2480,0.075369
2481,0.202276
2482,0.129130
2483,0.142528
2484,0.564404
2485,0.105478
2486,0.176623
2487,0.139423
2488,0.191223
2489,0.317931
2490,0.214600
2491,0.369401
2492,0.108266
2493,0.156058
2494,0.151068
2495,0.217344
2496,0.286286
2497,0.179422
2498,0.561750
2499,0.102772
